metric,value
AUC,0.7062519110717927
Gini,0.4125038221435855
KS,0.302066876310076
