grade,n,predicted_pd,observed_rate,observed_defaults,expected_defaults,binomial_p_underest,flag
G1,11532,0.107862,0.110735,1277,1243.9,0.163563,green
G2,11532,0.102379,0.097555,1125,1180.6,0.958427,green
G3,11531,0.098735,0.088891,1025,1138.5,0.999847,green
G4,11532,0.082103,0.074228,856,946.8,0.999155,green
G5,11532,0.092841,0.081252,937,1070.6,0.999994,green
G6,11532,0.078279,0.068071,785,902.7,0.999985,green
G7,11531,0.079767,0.069291,799,919.8,0.999989,green
G8,11532,0.066011,0.055845,644,761.2,0.999997,green
OVERALL_HL,92254,0.088497,0.080734,7448,8164.2,0.0,red
