raw_mean_pd,calibrated_mean_pd,observed_default_rate,target_long_run_default_rate
0.08045199796449483,0.08849719776094432,0.08073362672621241,0.08880698939883366
