score_band,observations,defaults,bad_rate,avg_score,avg_pd
E,52622,4842,0.09201474668389648,443.23290077538144,0.08883028408811847
D,12833,895,0.06974207122262915,558.6111903994072,0.07224625891601794
C,11696,844,0.07216142270861833,599.4330147865421,0.07665144353178724
B,7611,481,0.06319800289055315,638.9149464678578,0.06600482667998532
A,7492,386,0.05152162306460224,696.9637643093697,0.056270308442755795
