grade,n,avg_score,pd_pre_moc,observed_rate,moc_add,pd_post_moc
G1,11532,332.0,0.107862,0.110735,0.016179,0.124041
G2,11532,420.0,0.102379,0.097555,0.015357,0.117736
G3,11531,467.5,0.098735,0.088891,0.01481,0.113545
G4,11532,503.7,0.082103,0.074228,0.012316,0.094419
G5,11532,538.2,0.092841,0.081252,0.013926,0.106767
G6,11532,572.8,0.078279,0.068071,0.011742,0.090021
G7,11531,612.6,0.079767,0.069291,0.011965,0.091732
G8,11532,679.9,0.066011,0.055845,0.009902,0.075913
