grade,obs,bads,default_rate,grade_name
"(49.74, 392.444]",11532,1277,0.11073534512660423,G1
"(392.444, 445.465]",11532,1125,0.09755463059313216,G2
"(445.465, 485.252]",11531,1025,0.08889081606105281,G3
"(485.252, 522.769]",11532,856,0.07422823447797433,G4
"(522.769, 553.62]",11532,937,0.08125216788067985,G5
"(553.62, 592.362]",11532,785,0.06807145334720777,G6
"(592.362, 637.182]",11531,799,0.06929147515393287,G7
"(637.182, 829.293]",11532,644,0.05584460631286854,G8
